"id","alter","beruf","plz","bonitaet","blz","augenfarbe","gesamtausgaben"
"uid000001",31,"Hegerin",1200,"AA",19620,"braun",1719.33
"uid000002",21,"Trapper",1070,"BBB",12000,"grau",635.68
"uid000003",56,"Anatomin",1080,"B",19250,"blau",992.28
"uid000004",18,"Müllfrau",1130,"C",31200,"grau",3312.73
"uid000005",51,"Zauberin",1040,"D",19470,"blau",1219.41
"uid000006",40,"Cutterin",1070,"D",19360,"grau",1182.96
"uid000007",60,"Jockey",1010,"AAA",19470,"braun",1784.01
"uid000008",31,"Sauciere",1140,"A",19360,"blau",1414.78
"uid000009",35,"Imkerin",1050,"AAA",14000,"grau",1779.97
"uid000010",68,"Oboistin",1220,"AA",19250,"braun",1794.56
"uid000011",50,"Vikarin",1090,"D",19620,"blau",2610.83
"uid000012",38,"Hegerin",1050,"BBB",19360,"grün",781.02
"uid000013",38,"Sauciere",1050,"AA",19250,"blau",4876.96
"uid000014",59,"Geologin",1130,"AA",19620,"blau",4361.43
"uid000015",63,"Nopperin",1220,"AAA",19970,"braun",786.7
"uid000016",27,"Winderin",1230,"BB",19250,"grau",766.98
"uid000017",24,"Mälzerin",1220,"B",14000,"grün",1640.39
"uid000018",26,"Barista",1010,"D",14000,"grün",3021.41
"uid000019",32,"Propst",1190,"BB",19250,"braun",3419.38
"uid000020",38,"Rauherin",1190,"D",19360,"grün",1339.12
"uid000021",54,"Nopperin",1050,"D",12000,"blau",2353.73
"uid000022",58,"Glüherin",1090,"BBB",19360,"grau",1821.13
"uid000023",42,"Hauerin",1230,"BBB",12000,"grün",1841.66
"uid000024",63,"Traberin",1180,"BBB",20241,"grün",2854.55
"uid000025",54,"Seilerin",1230,"AAA",14000,"grau",201.44
"uid000026",54,"Löterin",1060,"C",20111,"blau",4677.12
"uid000027",51,"Temperin",1100,"D",19470,"braun",3461.7
"uid000028",59,"Prägerin",1230,"BBB",19470,"grau",1719.28
"uid000029",42,"Bardame",1160,"D",14000,"grün",1127.44
"uid000030",61,"Kämmerin",1100,"AAA",31200,"grau",725.23
"uid000031",32,"Imkerin",1070,"AA",19650,"grau",428.1
"uid000032",50,"Magierin",1010,"C",19650,"blau",3505.43
"uid000033",37,"Clown",1110,"B",20111,"blau",2340.41
"uid000034",52,"Dienerin",1110,"B",31200,"blau",1201.12
"uid000035",23,"Diakonin",1180,"BBB",19250,"braun",2343.27
"uid000036",27,"Malerin",1010,"AAA",19360,"braun",3111.43
"uid000037",59,"Setzerin",1170,"D",19620,"grün",1419.75
"uid000038",55,"Anwältin",1050,"AAA",19360,"grau",3723.66
"uid000039",64,"Artistin",1120,"D",20111,"grün",532.02
"uid000040",37,"Mineurin",1180,"BBB",12000,"grün",101
"uid000041",45,"Nieterin",1140,"A",19470,"braun",1399.11
"uid000042",37,"Kuglerin",1200,"AA",12000,"blau",3949.51
"uid000043",61,"Kuglerin",1060,"A",31200,"grün",3528.64
"uid000044",40,"Wiegerin",1190,"BBB",19650,"grün",4517.77
"uid000045",23,"Leihoma",1050,"BBB",19360,"braun",961.89
"uid000046",57,"Dienerin",1200,"A",19970,"blau",3807.06
"uid000047",61,"Laderin",1070,"BB",14000,"grau",674.45
"uid000048",42,"Löterin",1210,"AAA",19250,"grün",757.12
"uid000049",23,"Jodlerin",1020,"AA",19650,"blau",829.76
"uid000050",56,"Gerberin",1020,"BB",20111,"grün",895.78
"uid000051",68,"Köchin",1190,"B",19360,"braun",706.02
"uid000052",59,"Geigerin",1190,"D",20241,"grau",533.08
"uid000053",23,"Kämmerin",1020,"BB",20111,"grau",1659.7
"uid000054",41,"Butlerin",1090,"C",12000,"blau",2562.86
"uid000055",49,"Urologin",1120,"B",19250,"braun",5536.42
"uid000056",31,"Imkerin",1140,"BB",19970,"braun",3661.59
"uid000057",19,"Novizin",1220,"AA",14000,"grün",2426.03
"uid000058",62,"Jockey",1070,"A",19650,"grün",2404.36
"uid000059",35,"Biologin",1090,"B",12000,"braun",853.7
"uid000060",39,"Trapper",1070,"AAA",14000,"braun",2571.67
"uid000061",31,"Önologin",1120,"C",14000,"braun",1748.39
"uid000062",55,"Zimmerin",1010,"D",19250,"grau",1096.61
"uid000063",18,"Bäumerin",1230,"BBB",19470,"blau",661.04
"uid000064",68,"Prägerin",1180,"A",14000,"grün",602
"uid000065",68,"Traberin",1070,"BB",19650,"blau",1707.12
"uid000066",57,"Küferin",1040,"BB",14000,"grau",1667.26
"uid000067",23,"Prägerin",1080,"A",19250,"grau",2438.99
"uid000068",40,"Mineurin",1170,"C",19650,"blau",321.05
"uid000069",61,"Rauherin",1100,"BB",12000,"braun",1427.71
"uid000070",23,"Hebamme",1190,"BBB",14000,"grau",2733.35
"uid000071",57,"Tenor",1020,"D",19620,"grau",4396.81
"uid000072",56,"Butterin",1210,"AA",20111,"grün",985.78
"uid000073",28,"Seilerin",1080,"C",20111,"grau",484.77
"uid000074",34,"Seemann",1160,"BB",19250,"grau",1238.08
"uid000075",53,"Fasserin",1080,"AAA",19620,"grau",502.32
"uid000076",30,"Eicherin",1190,"B",19650,"braun",3050.79
"uid000077",57,"Eicherin",1130,"A",20111,"grau",2015.77
"uid000078",42,"Leiterin",1010,"C",20111,"blau",2035.9
"uid000079",65,"Anatomin",1200,"C",14000,"grau",427.05
"uid000080",42,"Nanny",1220,"AA",19970,"grün",2676.12
"uid000081",40,"Winderin",1160,"AA",31200,"grün",2031.69
"uid000082",63,"Häklerin",1100,"BB",19970,"blau",3437.28
"uid000083",37,"Bäckerin",1110,"AA",14000,"grün",4762.31
"uid000084",56,"Seilerin",1120,"BBB",20111,"grau",1453.33
"uid000085",46,"Fiakerin",1200,"B",19360,"braun",1441.57
"uid000086",30,"Prälat",1220,"BB",20111,"grün",413.97
"uid000087",39,"Imkerin",1050,"AA",19250,"grau",6202.6
"uid000088",46,"Mäherin",1210,"BBB",14000,"braun",1651.19
"uid000089",45,"Modell",1020,"AAA",19470,"grün",1634.61
"uid000090",61,"Modell",1050,"D",19360,"grün",183.8
"uid000091",65,"Ökonomin",1070,"C",14000,"grün",1678.01
"uid000092",50,"Löterin",1230,"AA",20111,"grün",209.61
"uid000093",62,"Bariton",1070,"AA",19650,"blau",1309.67
"uid000094",38,"Anwältin",1120,"D",14000,"blau",2480.55
"uid000095",48,"Zoologin",1090,"BBB",31200,"grau",1459.13
"uid000096",55,"Trapper",1200,"D",20241,"grau",172.83
"uid000097",34,"Dozentin",1190,"D",12000,"grün",1686.84
"uid000098",26,"Priester",1060,"A",20111,"braun",109.31
"uid000099",56,"Hauerin",1220,"AA",19620,"grün",3499.85
"uid000100",40,"Walzerin",1200,"B",19360,"blau",2085.45
"uid000101",36,"Töpferin",1170,"BB",19620,"grau",696.41
"uid000102",67,"Seilerin",1030,"BBB",19470,"grau",2702.51
"uid000103",43,"Trader",1170,"A",12000,"grau",2983.58
"uid000104",65,"Geigerin",1230,"B",14000,"braun",3783.05
"uid000105",60,"Imkerin",1020,"BBB",20111,"braun",875.77
"uid000106",47,"Maniküre",1020,"B",31200,"blau",556.92
"uid000107",59,"Kitterin",1010,"BBB",19970,"braun",675.54
"uid000108",49,"Mäherin",1170,"AA",19650,"grau",1673.69
"uid000109",56,"Häklerin",1180,"D",19970,"grün",3163.35
"uid000110",68,"Zoologin",1040,"B",19250,"braun",3060.39
"uid000111",46,"Solistin",1020,"AA",19650,"blau",293.14
"uid000112",51,"Nopperin",1120,"D",19970,"grau",3150.76
"uid000113",27,"Dressman",1220,"AAA",19250,"blau",569.36
"uid000114",18,"Trader",1190,"C",19970,"blau",1367.12
"uid000115",60,"Piccola",1120,"D",19470,"grau",2901.14
"uid000116",43,"Oboistin",1180,"BB",19250,"grün",3167.1
"uid000117",32,"Hämmerin",1170,"A",12000,"grau",2172.41
"uid000118",46,"Müllerin",1050,"BBB",20241,"blau",2204.19
"uid000119",41,"Propst",1050,"AAA",20111,"grün",3857.6
"uid000120",59,"Modistin",1080,"AAA",20241,"grün",225.18
"uid000121",65,"Modell",1230,"BB",19470,"grün",858.35
"uid000122",70,"Nieterin",1210,"AA",19970,"grau",861.67
"uid000123",29,"Gerberin",1170,"A",19470,"grün",799.81
"uid000124",56,"Pediküre",1060,"BBB",19970,"braun",1668.71
"uid000125",41,"Bardame",1090,"D",14000,"grün",348.12
"uid000126",70,"Solistin",1170,"B",19620,"braun",2560.05
"uid000127",45,"Bariton",1060,"AA",19650,"grün",2004.01
"uid000128",39,"Köhlerin",1220,"B",19650,"blau",2461.33
"uid000129",57,"Butterin",1230,"A",19250,"braun",618.63
"uid000130",50,"Leiterin",1100,"AAA",19360,"blau",2524.96
"uid000131",36,"Pastorin",1040,"AA",14000,"blau",1128.07
"uid000132",43,"Fädlerin",1030,"D",19360,"grau",1256.38
"uid000133",52,"Melkerin",1130,"B",14000,"blau",1986.49
"uid000134",60,"Autorin",1020,"BBB",19360,"grün",1789.86
"uid000135",18,"Geologin",1090,"A",19360,"grün",2908.79
"uid000136",46,"Sennerin",1120,"BBB",31200,"grün",1565.33
"uid000137",31,"Müllerin",1230,"AAA",31200,"blau",994.31
"uid000138",39,"Magierin",1020,"BBB",20111,"grün",1412.38
"uid000139",23,"Bardame",1110,"A",19470,"grau",1925.63
"uid000140",45,"Winderin",1210,"C",19620,"blau",1032.86
"uid000141",69,"Bäumerin",1200,"A",12000,"grau",1213.03
"uid000142",58,"Piccola",1090,"C",14000,"grün",1447.28
"uid000143",54,"Äbtissin",1130,"A",19250,"grau",401.96
"uid000144",63,"Laderin",1230,"BB",31200,"blau",2696.27
"uid000145",66,"Gerberin",1060,"D",20241,"grau",3987.05
"uid000146",20,"Hirtin",1120,"BB",14000,"grau",2163
"uid000147",39,"Dekanin",1130,"C",19250,"braun",2001.44
"uid000148",52,"Tönerin",1210,"A",19620,"braun",2642.16
"uid000149",24,"Oboistin",1140,"D",19650,"grau",2542.65
"uid000150",63,"Zoologin",1220,"BBB",20241,"grau",1514.45
"uid000151",52,"Gipserin",1140,"D",19360,"braun",1233.18
"uid000152",68,"Urologin",1220,"C",19970,"grün",761
"uid000153",61,"Seemann",1080,"BB",19650,"grün",1935.85
"uid000154",66,"Bäckerin",1200,"A",20111,"grün",2087.9
"uid000155",58,"Sennerin",1080,"A",19470,"blau",2062.02
"uid000156",67,"Maurerin",1120,"BB",20241,"grün",1223.87
"uid000157",66,"Bankier",1080,"BB",12000,"braun",1156.79
"uid000158",67,"Boxerin",1060,"BBB",19360,"grau",2291.46
"uid000159",64,"Zauberin",1140,"BB",20111,"grau",321.12
"uid000160",44,"Prälat",1180,"C",12000,"grau",2114.62
"uid000161",24,"Küferin",1010,"AA",19650,"grün",1259.45
"uid000162",64,"Magierin",1120,"AA",14000,"braun",4111.31
"uid000163",37,"Köchin",1190,"AA",20111,"grau",2585.61
"uid000164",41,"Wiegerin",1040,"BBB",19250,"grün",3630.82
"uid000165",68,"Hafnerin",1090,"AA",20241,"braun",596.98
"uid000166",70,"Laderin",1070,"BB",19360,"blau",2538.65
"uid000167",33,"Dozentin",1130,"D",19250,"grün",1748.56
"uid000168",36,"Sängerin",1090,"D",20241,"grün",1482.92
"uid000169",53,"Mesnerin",1200,"AAA",20111,"grau",1195.34
"uid000170",19,"Frisörin",1230,"C",19250,"braun",2109.81
"uid000171",65,"Traberin",1110,"C",12000,"blau",421.58
"uid000172",18,"Prior",1190,"D",19250,"grün",2181.76
"uid000173",61,"Ober",1200,"A",19250,"grau",2891.32
"uid000174",56,"Kuglerin",1200,"B",19970,"braun",1619.65
"uid000175",58,"Imkerin",1080,"BB",19650,"grün",609.15
"uid000176",30,"Athletin",1080,"C",19970,"blau",1404.28
"uid000177",43,"Maniküre",1100,"AAA",14000,"grau",1687.19
"uid000178",51,"Pilotin",1090,"BBB",19250,"grün",3385.16
"uid000179",19,"Fasserin",1120,"BB",19970,"grün",3251.76
"uid000180",36,"Hausdame",1010,"BB",19360,"blau",3317.38
"uid000181",34,"Zimmerin",1060,"AA",14000,"grün",1034.87
"uid000182",51,"Notarin",1230,"D",14000,"grün",5182.29
"uid000183",28,"Modell",1100,"AAA",19470,"braun",2773.03
"uid000184",48,"Seemann",1060,"BB",31200,"blau",1057.66
"uid000185",52,"Hausdame",1070,"B",19470,"blau",356.62
"uid000186",52,"Athletin",1110,"A",14000,"grün",3403.83
"uid000187",63,"Müllfrau",1200,"AAA",31200,"blau",423.13
"uid000188",36,"Sauciere",1210,"B",19360,"grün",2641.76
"uid000189",62,"Sängerin",1100,"D",19470,"blau",1753.92
"uid000190",28,"Geodätin",1020,"BB",14000,"blau",3372.51
"uid000191",33,"Müllfrau",1080,"AAA",19650,"grün",238.11
"uid000192",57,"Gipserin",1200,"D",19620,"blau",1245.16
"uid000193",26,"Müllerin",1220,"AAA",31200,"grau",3672.24
"uid000194",67,"Fädlerin",1140,"C",12000,"grün",1791.07
"uid000195",45,"Primaria",1090,"AAA",14000,"grau",1795.99
"uid000196",41,"Gipserin",1140,"B",12000,"grau",164.29
"uid000197",27,"Matrosin",1100,"AA",19650,"grau",1296.42
"uid000198",32,"Bankier",1040,"BB",19620,"blau",1030.53
"uid000199",20,"Ölerin",1070,"C",20111,"braun",3669.66
"uid000200",54,"Löterin",1150,"A",20241,"grün",4458.04
"uid000201",49,"Jockey",1030,"B",19360,"braun",662.03
"uid000202",54,"Pediküre",1050,"AA",19970,"braun",1226.94
"uid000203",56,"Oblatin",1030,"C",19250,"braun",1179.32
"uid000204",48,"Zauberin",1130,"AA",14000,"blau",884.99
"uid000205",54,"Piccola",1210,"B",14000,"braun",3724.27
"uid000206",46,"Härterin",1190,"B",19650,"braun",2313.31
"uid000207",29,"Ringerin",1200,"B",20241,"braun",1925.38
"uid000208",31,"Trapper",1130,"D",19360,"braun",1921.29
"uid000209",55,"Bergfrau",1060,"BB",31200,"blau",3031.3
"uid000210",69,"Kustodin",1160,"AAA",14000,"braun",949.59
"uid000211",33,"Butlerin",1110,"AA",20241,"grau",2009.11
"uid000212",32,"Imkerin",1010,"AA",14000,"blau",655.15
"uid000213",19,"Geigerin",1150,"D",20111,"grau",1400.35
"uid000214",18,"Zofe",1100,"AAA",19470,"braun",989.01
"uid000215",20,"Zauberin",1210,"B",20111,"grau",2555.28
"uid000216",26,"Mäherin",1080,"AAA",19970,"braun",1893.3
"uid000217",55,"Walzerin",1150,"AA",19360,"grün",2712.66
"uid000218",34,"Legistin",1040,"D",12000,"grün",1094.8
"uid000219",37,"Fädlerin",1140,"C",20111,"grün",3280.95
"uid000220",22,"Temperin",1190,"D",14000,"braun",1246.17
"uid000221",58,"Dressman",1090,"A",14000,"blau",1039.46
"uid000222",44,"Hausdame",1160,"AAA",20111,"blau",1747.63
"uid000223",61,"Cutterin",1050,"BBB",14000,"blau",4437.6
"uid000224",48,"Hauerin",1140,"B",20111,"blau",2071.15
"uid000225",70,"Fiakerin",1160,"A",19620,"blau",2035.04
"uid000226",25,"Prior",1200,"AA",19360,"grau",1460.36
"uid000227",53,"Fiakerin",1130,"A",12000,"grün",2020.66
"uid000228",66,"Zoologin",1230,"AA",31200,"grün",1880.94
"uid000229",58,"Sennerin",1090,"AA",19650,"blau",3163.36
"uid000230",46,"Zoologin",1060,"BBB",31200,"grün",1642.37
"uid000231",38,"Härterin",1100,"BBB",19650,"grün",5853.74
"uid000232",18,"Käserin",1200,"A",12000,"blau",3068.55
"uid000233",70,"Novizin",1130,"C",20241,"braun",526.15
"uid000234",37,"Heizerin",1190,"BBB",19360,"grau",3153.26
"uid000235",59,"Bäckerin",1130,"C",20241,"blau",2905.11
"uid000236",63,"Seilerin",1090,"A",14000,"grau",1245.08
"uid000237",59,"Graberin",1050,"AA",20111,"braun",862.12
"uid000238",41,"Vikarin",1080,"A",20111,"grün",1004.87
"uid000239",70,"Diakonin",1020,"C",19470,"braun",2947.8
"uid000240",70,"Köchin",1100,"BBB",12000,"grau",3145.08
"uid000241",39,"Glüherin",1140,"BBB",19970,"grau",1623.43
"uid000242",55,"Vikarin",1120,"BBB",14000,"grau",4806.75
"uid000243",67,"Hämmerin",1020,"D",19650,"blau",2942.27
"uid000244",33,"Küferin",1100,"AAA",19360,"grün",2897.71
"uid000245",47,"Propst",1170,"A",31200,"blau",1137.12
"uid000246",46,"Wiegerin",1160,"C",20241,"grau",4386.34
"uid000247",19,"Nopperin",1070,"AA",31200,"braun",155.9
"uid000248",25,"Härterin",1120,"A",19470,"grün",1511.8
"uid000249",31,"Tönerin",1080,"B",20111,"grün",2177.5
"uid000250",53,"Bergfrau",1200,"B",14000,"grau",3952.96
"uid000251",43,"Müllerin",1150,"BB",20241,"grau",4118.21
"uid000252",57,"Härterin",1170,"B",19650,"blau",1239.04
"uid000253",70,"Nieterin",1170,"BB",20111,"braun",371.49
"uid000254",54,"Wagnerin",1040,"BB",14000,"blau",3091.4
"uid000255",25,"Hauerin",1080,"AAA",14000,"braun",1329.18
"uid000256",24,"Maurerin",1070,"AAA",19360,"braun",3134.5
"uid000257",69,"Imkerin",1010,"B",14000,"grün",1502.19
"uid000258",53,"Melkerin",1210,"B",19650,"braun",2652.13
"uid000259",66,"Ökonomin",1040,"AA",12000,"grün",1814.37
"uid000260",59,"Mesnerin",1100,"A",19250,"blau",1595.91
"uid000261",53,"Laderin",1190,"BB",19650,"grün",295.54
"uid000262",26,"Zoologin",1230,"C",20241,"braun",4444.74
"uid000263",44,"Sauciere",1020,"B",19650,"grün",186.57
"uid000264",58,"Geodätin",1230,"A",14000,"blau",4307.67
"uid000265",32,"Bergfrau",1120,"B",14000,"blau",4097.61
"uid000266",55,"Jockey",1030,"AAA",20111,"grau",3383.68
"uid000267",23,"Köchin",1160,"AAA",12000,"blau",1381.17
"uid000268",21,"Legistin",1200,"C",19250,"grau",1452.35
"uid000269",52,"Bankier",1130,"AA",19970,"braun",2533.48
"uid000270",52,"Ruderin",1210,"AAA",14000,"blau",4268.02
"uid000271",30,"Dekanin",1080,"D",19620,"blau",3490.47
"uid000272",58,"Härterin",1180,"A",19250,"grau",1291.13
"uid000273",24,"Müllerin",1070,"A",20111,"grün",187.64
"uid000274",42,"Sauciere",1220,"B",19470,"blau",987.79
"uid000275",48,"Anatomin",1080,"B",20241,"braun",1833.23
"uid000276",63,"Piccola",1030,"D",19970,"grün",3841.24
"uid000277",54,"Pilotin",1040,"BBB",20111,"grün",2830.07
"uid000278",45,"Bankier",1060,"BBB",19620,"blau",246.68
"uid000279",56,"Bariton",1080,"BBB",19250,"grau",1065.53
"uid000280",45,"Hefterin",1030,"D",14000,"grün",2766.63
"uid000281",69,"Küsterin",1160,"BB",31200,"braun",3284.41
"uid000282",37,"Winzerin",1200,"BBB",31200,"grün",1000.21
"uid000283",46,"Legistin",1190,"C",31200,"grau",982.15
"uid000284",59,"Käserin",1100,"C",19250,"grau",371.46
"uid000285",57,"Geodätin",1090,"AAA",20111,"grau",1694.91
"uid000286",18,"Athletin",1170,"BBB",14000,"braun",729.36
"uid000287",45,"Matrosin",1180,"AA",20241,"grün",716.84
"uid000288",31,"Fakirin",1140,"AA",19250,"braun",1925.97
"uid000289",48,"Seemann",1130,"BBB",19360,"grün",1521.44
"uid000290",29,"Tenor",1130,"D",19620,"blau",776.89
"uid000291",46,"Sauciere",1100,"C",12000,"blau",1486.22
"uid000292",33,"Oblatin",1230,"AA",19360,"blau",1476.53
"uid000293",61,"Tönerin",1160,"BBB",19470,"braun",206.39
"uid000294",27,"Bankier",1200,"B",20241,"blau",687.78
"uid000295",51,"Prälat",1100,"A",20241,"braun",2137.26
"uid000296",43,"Leihoma",1220,"AAA",19970,"grau",3135.87
"uid000297",66,"Küferin",1080,"A",14000,"grün",146.98
"uid000298",50,"Prälat",1190,"A",20111,"braun",3990.4
"uid000299",21,"Dienerin",1110,"BB",14000,"grün",3439.27
"uid000300",70,"Glüherin",1030,"BB",14000,"grau",1080.7
"uid000301",70,"Gerberin",1020,"B",12000,"grün",2429.52
"uid000302",39,"Wirtin",1180,"A",12000,"grau",3770.31
"uid000303",42,"Pecherin",1090,"A",14000,"braun",3965.68
"uid000304",41,"Dienerin",1180,"D",12000,"blau",3525.52
"uid000305",54,"Setzerin",1050,"BBB",19650,"blau",3947.89
"uid000306",61,"Äbtissin",1030,"BBB",19250,"blau",121.35
"uid000307",32,"Winderin",1120,"BBB",19620,"blau",262.91
"uid000308",31,"Hausdame",1040,"BBB",19620,"grau",2844.98
"uid000309",64,"Fiakerin",1170,"AAA",19470,"grau",3439.22
"uid000310",34,"Oblatin",1220,"D",19970,"grau",2222.73
"uid000311",64,"Liftgirl",1010,"AAA",19250,"braun",4477.72
"uid000312",35,"Aktuarin",1220,"C",31200,"braun",1097.06
"uid000313",50,"Leiterin",1100,"BB",19650,"grau",523.58
"uid000314",49,"Pecherin",1060,"B",20241,"grün",2078.34
"uid000315",25,"Prior",1080,"AA",19470,"grau",353.35
"uid000316",70,"Seilerin",1030,"B",14000,"grau",2168.96
"uid000317",59,"Wägerin",1020,"B",19250,"braun",1466.54
"uid000318",56,"Käserin",1170,"AA",19650,"braun",598.11
"uid000319",24,"Pauserin",1090,"BB",19970,"grau",4932.08
"uid000320",44,"Küsterin",1020,"AA",19620,"blau",694.64
"uid000321",60,"Vikarin",1210,"C",19360,"braun",1750.52
"uid000322",67,"Trapper",1090,"BBB",19970,"blau",5498.7
"uid000323",26,"Artistin",1230,"C",12000,"grau",3538.56
"uid000324",37,"Ölerin",1060,"BBB",19650,"braun",1942.07
"uid000325",51,"Gerberin",1140,"B",31200,"blau",1995.36
"uid000326",54,"Oboistin",1170,"AAA",19250,"blau",1031.74
"uid000327",46,"Biologin",1170,"A",20241,"grau",4595.4
"uid000328",28,"Pediküre",1070,"C",19360,"grün",339.21
"uid000329",19,"Kustodin",1160,"BB",14000,"grün",2746.68
"uid000330",69,"Traberin",1110,"AA",19360,"blau",2369.23
"uid000331",20,"Sennerin",1140,"D",19970,"grau",2458.53
"uid000332",64,"Trader",1050,"BBB",20111,"blau",2422.34
"uid000333",55,"Winzerin",1150,"C",14000,"grau",1452.78
"uid000334",58,"Mäherin",1130,"BB",12000,"braun",204.7
"uid000335",32,"Hämmerin",1060,"A",19620,"grün",921.82
"uid000336",45,"Ökologin",1110,"C",31200,"grün",441.93
"uid000337",22,"Prägerin",1150,"C",31200,"grau",1671.58
"uid000338",45,"Fasserin",1130,"D",20241,"grau",210.58
"uid000339",31,"Küsterin",1220,"AAA",19650,"blau",3201.68
"uid000340",54,"Wagnerin",1080,"AAA",31200,"grün",2216.6
"uid000341",60,"Butterin",1170,"BBB",19970,"blau",607.44
"uid000342",60,"Boxerin",1070,"A",20111,"grün",673.27
"uid000343",34,"Dressman",1100,"BBB",14000,"grün",2236.13
"uid000344",18,"Leiterin",1170,"B",31200,"blau",1044.18
"uid000345",43,"Fakirin",1100,"C",14000,"blau",2216.31
"uid000346",62,"Aktuarin",1100,"AA",31200,"grau",2179.24
"uid000347",50,"Ober",1230,"B",19360,"grün",2520.36
"uid000348",36,"Legistin",1220,"B",12000,"blau",3433.1
"uid000349",43,"Tönerin",1170,"BBB",19620,"blau",571.61
"uid000350",40,"Sängerin",1220,"BB",12000,"blau",1419.68
"uid000351",21,"Brauerin",1020,"B",19360,"blau",1536.99
"uid000352",33,"Dienerin",1080,"BB",19360,"braun",2678.08
"uid000353",66,"Biologin",1130,"BBB",19470,"braun",455.79
"uid000354",44,"Winzerin",1150,"A",19250,"braun",782.77
"uid000355",56,"Leihoma",1190,"D",12000,"grün",1024.25
"uid000356",55,"Wirtin",1110,"AAA",19470,"grün",353.45
"uid000357",69,"Töpferin",1180,"D",20111,"grün",4620.7
"uid000358",33,"Setzerin",1040,"C",20111,"blau",1094.95
"uid000359",51,"Oblatin",1210,"BBB",14000,"grün",3740.54
"uid000360",46,"Butterin",1140,"D",19650,"blau",842.96
"uid000361",62,"Glaserin",1120,"AA",14000,"grün",1819.43
"uid000362",52,"Cutterin",1020,"A",20241,"braun",2316.17
"uid000363",27,"Wiegerin",1120,"A",20111,"blau",2824.3
"uid000364",23,"Geologin",1040,"B",19620,"grau",585.51
"uid000365",56,"Kustodin",1030,"AA",20111,"braun",3309.89
"uid000366",66,"Cutterin",1140,"BBB",19970,"braun",3555.87
"uid000367",50,"Hafnerin",1100,"B",20241,"blau",2853.03
"uid000368",40,"Hebamme",1200,"D",19650,"grau",878.69
"uid000369",50,"Trapper",1170,"C",19360,"braun",3322.14
"uid000370",52,"Nieterin",1080,"A",19470,"grün",3888.67
"uid000371",28,"Oboistin",1010,"D",14000,"blau",1354.83
"uid000372",30,"Pediküre",1210,"D",19970,"braun",1409.18
"uid000373",67,"Butterin",1200,"D",19650,"grau",1580.08
"uid000374",54,"Gipserin",1120,"AAA",19360,"blau",4473.1
"uid000375",43,"Tänzerin",1190,"A",19360,"grün",486.45
"uid000376",43,"Seilerin",1010,"B",19470,"grün",3160.77
"uid000377",65,"Härterin",1110,"AA",12000,"grau",2368.67
"uid000378",57,"Töpferin",1120,"AA",19360,"braun",3644.58
"uid000379",51,"Gipserin",1210,"B",31200,"grau",3086.08
"uid000380",21,"Rauherin",1020,"BBB",20111,"grün",346.3
"uid000381",42,"Autorin",1130,"AA",20111,"grün",2883.07
"uid000382",55,"Bäckerin",1080,"C",19620,"grau",1811.41
"uid000383",34,"Wiegerin",1110,"BBB",14000,"braun",4244.65
"uid000384",41,"Primaria",1150,"BBB",19360,"grün",2518.2
"uid000385",26,"Cutterin",1230,"AAA",19470,"braun",5021.66
"uid000386",62,"Küferin",1060,"D",12000,"blau",321
"uid000387",63,"Sennerin",1120,"C",14000,"blau",341.9
"uid000388",47,"Gerberin",1230,"D",14000,"grün",2626.22
"uid000389",26,"Hämmerin",1230,"C",12000,"braun",5050.55
"uid000390",28,"Modistin",1180,"B",14000,"blau",6177.31
"uid000391",54,"Sängerin",1230,"A",14000,"grau",998.51
"uid000392",49,"Mäherin",1110,"B",19650,"blau",3866.63
"uid000393",57,"Nanny",1120,"AA",19650,"grau",2141.41
"uid000394",20,"Flyer",1070,"BB",19650,"braun",6844.96
"uid000395",68,"Zoologin",1060,"B",19250,"blau",3761.12
"uid000396",36,"Ruderin",1100,"A",19970,"blau",1603.57
"uid000397",50,"Prälat",1030,"D",19470,"grün",1438.11
"uid000398",69,"Leihoma",1130,"BBB",12000,"blau",1721.64
"uid000399",21,"Hebamme",1010,"D",14000,"blau",1180.2
"uid000400",30,"Nopperin",1190,"D",12000,"grau",2064.92
"uid000401",18,"Zoologin",1200,"B",19650,"blau",730.6
"uid000402",57,"Cutterin",1140,"AA",19360,"braun",4430.79
"uid000403",70,"Mesnerin",1020,"A",19360,"grün",2043.12
"uid000404",22,"Kaplan",1140,"BBB",14000,"grau",832.97
"uid000405",59,"Aktuarin",1180,"B",19620,"grün",2151.28
"uid000406",61,"Geigerin",1180,"D",19650,"grün",4927.06
"uid000407",52,"Müllerin",1100,"C",20111,"blau",2020.09
"uid000408",40,"Köchin",1130,"AA",19250,"blau",3297.48
"uid000409",46,"Maurerin",1210,"C",19250,"blau",1701.58
"uid000410",70,"Oblatin",1190,"D",20241,"blau",1078.47
"uid000411",52,"Fiakerin",1080,"AA",14000,"grün",3172.64
"uid000412",53,"Prior",1140,"AA",19250,"grau",399.37
"uid000413",26,"Glüherin",1200,"AA",19250,"blau",329.96
"uid000414",52,"Nieterin",1190,"BB",19620,"blau",1352.78
"uid000415",52,"Laderin",1150,"AA",12000,"blau",2355.27
"uid000416",37,"Bankier",1130,"AAA",20111,"grau",5660.4
"uid000417",39,"Käserin",1020,"C",20241,"grau",2019.91
"uid000418",58,"Imkerin",1190,"AAA",20241,"blau",4229.67
"uid000419",39,"Küferin",1030,"BB",19650,"grau",730.02
"uid000420",36,"Wagnerin",1200,"AAA",14000,"grün",2986.4
"uid000421",61,"Hämmerin",1210,"A",12000,"grau",1677.78
"uid000422",35,"Winderin",1140,"D",19650,"blau",1038.57
"uid000423",61,"Solistin",1170,"AA",19250,"blau",1375.44
"uid000424",56,"Zofe",1170,"BBB",19620,"grau",1312.27
"uid000425",46,"Sängerin",1230,"D",14000,"grau",2090.8
"uid000426",44,"Ruderin",1040,"A",19650,"grün",3659.17
"uid000427",53,"Geigerin",1100,"A",19470,"grau",1728.83
"uid000428",49,"Seilerin",1140,"AA",19970,"braun",2799.84
"uid000429",48,"Zauberin",1100,"D",14000,"braun",515.27
"uid000430",68,"Modistin",1050,"B",20111,"grün",1307.78
"uid000431",34,"Oboistin",1060,"AAA",19250,"blau",1479.14
"uid000432",54,"Geodätin",1200,"AA",20111,"blau",610.47
"uid000433",68,"Köchin",1120,"B",14000,"grau",4886.33
"uid000434",69,"Pediküre",1040,"B",19620,"grün",1476.66
"uid000435",42,"Setzerin",1060,"AAA",14000,"braun",4627.52
"uid000436",26,"Wägerin",1030,"B",19360,"braun",4330.14
"uid000437",38,"Nieterin",1130,"BBB",20241,"grau",444.2
"uid000438",38,"Hausdame",1010,"AAA",19620,"grau",189.19
"uid000439",32,"Butterin",1110,"C",19470,"braun",2013.11
"uid000440",68,"Müllerin",1200,"B",20111,"grün",4460.65
"uid000441",54,"Matrosin",1110,"BBB",20241,"blau",3073.21
"uid000442",41,"Sennerin",1160,"B",14000,"blau",553.25
"uid000443",31,"Gipserin",1220,"D",19360,"blau",2101.3
"uid000444",24,"Winzerin",1190,"BBB",14000,"grau",503.81
"uid000445",44,"Kaplan",1190,"BBB",19360,"braun",1234.36
"uid000446",43,"Hämmerin",1040,"B",19970,"blau",1382.67
"uid000447",47,"Anwältin",1190,"AA",14000,"grau",1044.98
"uid000448",62,"Härterin",1190,"BBB",19250,"grün",597.08
"uid000449",32,"Küsterin",1110,"D",19360,"blau",2528.42
"uid000450",67,"Dienerin",1210,"BBB",19970,"grau",2471.38
"uid000451",23,"Autorin",1120,"BBB",19360,"blau",4726.73
"uid000452",51,"Ökologin",1170,"AA",20241,"blau",5324.73
"uid000453",38,"Gipserin",1140,"B",19250,"blau",3973.07
"uid000454",18,"Glaserin",1060,"AA",19620,"braun",676.99
"uid000455",34,"Zofe",1180,"D",12000,"blau",2430.55
"uid000456",30,"Liftgirl",1180,"A",14000,"grau",3351.91
"uid000457",70,"Propst",1010,"A",19470,"grün",2539.52
"uid000458",62,"Hebamme",1090,"C",14000,"blau",2238.15
"uid000459",43,"Maurerin",1180,"C",19620,"grün",4340.28
"uid000460",57,"Müllfrau",1130,"D",20111,"braun",1010.4
"uid000461",19,"Mönch",1130,"BB",19470,"braun",287.58
"uid000462",58,"Sauciere",1030,"AA",12000,"grün",4777.36
"uid000463",25,"Vikarin",1120,"AAA",19970,"grün",5774.65
"uid000464",42,"Trader",1020,"B",19970,"grün",816.69
"uid000465",48,"Ringerin",1180,"AA",19470,"grün",3271.79
"uid000466",37,"Notarin",1220,"D",19250,"braun",1016.93
"uid000467",63,"Pecherin",1160,"BBB",19620,"braun",677.18
"uid000468",37,"Piccola",1150,"AAA",20111,"blau",1785.12
"uid000469",22,"Glaserin",1160,"D",20111,"blau",2094.96
"uid000470",27,"Dozentin",1180,"AAA",19620,"grau",1731.1
"uid000471",61,"Härterin",1230,"D",31200,"braun",1916.49
"uid000472",37,"Bergfrau",1050,"A",12000,"grün",1194.3
"uid000473",32,"Frisörin",1220,"A",19650,"braun",312.57
"uid000474",46,"Brauerin",1090,"A",20111,"grün",1010.31
"uid000475",19,"Ober",1220,"A",12000,"grün",3353.6
"uid000476",18,"Anatomin",1170,"BBB",19250,"blau",5191.48
"uid000477",22,"Clown",1210,"D",20111,"grün",2986.66
"uid000478",42,"Müllerin",1130,"BB",14000,"grau",4489.43
"uid000479",54,"Hegerin",1170,"BB",14000,"grau",623.34
"uid000480",49,"Maurerin",1090,"BB",14000,"grau",2845.8
"uid000481",57,"Geologin",1230,"AAA",14000,"blau",3629.93
"uid000482",30,"Matrosin",1080,"AAA",19250,"braun",359.86
"uid000483",42,"Hefterin",1110,"C",19360,"blau",520.12
"uid000484",21,"Häklerin",1040,"D",12000,"braun",1571.48
"uid000485",59,"Leihoma",1210,"C",19620,"braun",2669.14
"uid000486",55,"Zofe",1040,"BBB",19620,"blau",1690.64
"uid000487",67,"Müllfrau",1180,"B",20241,"grün",1247.77
"uid000488",22,"Butlerin",1050,"BB",31200,"braun",2850.09
"uid000489",69,"Piqueuse",1100,"A",14000,"braun",2353.12
"uid000490",18,"Altistin",1080,"D",31200,"grün",5139.84
"uid000491",55,"Fährfrau",1030,"AAA",14000,"blau",2677.76
"uid000492",63,"Laderin",1120,"B",14000,"grün",1834.07
"uid000493",30,"Wirtin",1120,"BB",19470,"braun",2181.11
"uid000494",25,"Löterin",1210,"C",20111,"blau",1178.24
"uid000495",66,"Mineurin",1030,"B",12000,"grau",2313.25
"uid000496",36,"Kämmerin",1210,"AAA",19620,"braun",2609.53
"uid000497",65,"Köchin",1140,"B",20241,"blau",1015.08
"uid000498",64,"Maniküre",1230,"C",19620,"grau",1065.41
"uid000499",45,"Ökologin",1130,"C",20111,"braun",3091.42
"uid000500",65,"Trader",1230,"B",20111,"grün",4358.44
"uid000501",66,"Härterin",1030,"BB",31200,"grün",3235.62
"uid000502",68,"Autorin",1130,"C",31200,"blau",3332.64
"uid000503",63,"Diakonin",1090,"BBB",31200,"grün",2272.45
"uid000504",55,"Kustodin",1040,"D",19620,"grün",994.7
"uid000505",28,"Piqueuse",1030,"AAA",19250,"blau",1550.88
"uid000506",25,"Solistin",1180,"C",20111,"grün",3164.02
"uid000507",40,"Bardame",1030,"B",12000,"grün",1004.6
"uid000508",37,"Ober",1150,"AA",12000,"blau",3231.38
"uid000509",68,"Brauerin",1100,"BB",31200,"braun",326.9
"uid000510",22,"Anatomin",1080,"B",20241,"grau",190.26
"uid000511",19,"Käserin",1160,"B",31200,"blau",2474.3
"uid000512",70,"Jodlerin",1210,"D",31200,"blau",2842.84
"uid000513",22,"Maurerin",1080,"BBB",19470,"blau",2049.7
"uid000514",29,"Modell",1210,"BBB",19650,"braun",2133.27
"uid000515",20,"Sennerin",1140,"B",12000,"blau",3123.3
"uid000516",43,"Ökonomin",1110,"A",19970,"grün",424.92
"uid000517",67,"Tenor",1120,"BB",20241,"blau",1408.95
"uid000518",31,"Nieterin",1040,"C",19250,"braun",483.18
"uid000519",30,"Urologin",1170,"AAA",19360,"grau",4179.8
"uid000520",48,"Mönch",1090,"AAA",19650,"blau",5048.79
"uid000521",64,"Fädlerin",1050,"C",14000,"grau",4010.99
"uid000522",51,"Bäumerin",1170,"A",20241,"grün",2500.58
"uid000523",47,"Modistin",1050,"B",19470,"braun",3790.08
"uid000524",43,"Brauerin",1050,"BBB",19360,"braun",1066.07
"uid000525",62,"Oboistin",1130,"B",19620,"grün",543.66
"uid000526",65,"Anwältin",1110,"B",19470,"grau",4231.35
"uid000527",24,"Anwältin",1070,"AA",14000,"blau",737.86
"uid000528",65,"Ruderin",1050,"D",19360,"grün",1254.44
"uid000529",61,"Nanny",1080,"B",20241,"grün",4330.93
"uid000530",66,"Magierin",1130,"B",14000,"grün",3584.98
"uid000531",60,"Sauciere",1120,"A",19250,"grün",191.52
"uid000532",26,"Sauciere",1130,"C",19620,"blau",3173.95
"uid000533",25,"Härterin",1010,"AA",20241,"blau",1971.69
"uid000534",39,"Sauciere",1030,"AA",14000,"blau",2658.63
"uid000535",62,"Hämmerin",1210,"BBB",20111,"blau",659.76
"uid000536",23,"Ruderin",1170,"B",19250,"blau",733.39
"uid000537",68,"Ökonomin",1210,"AA",19360,"braun",3771.84
"uid000538",65,"Oboistin",1170,"BB",19620,"blau",5164.69
"uid000539",44,"Sängerin",1070,"A",19650,"braun",2776.04
"uid000540",61,"Bäckerin",1230,"BBB",19970,"grün",1363.87
"uid000541",47,"Glaserin",1110,"AA",14000,"braun",1116.59
"uid000542",27,"Piqueuse",1230,"B",19360,"braun",1141.88
"uid000543",47,"Liftgirl",1210,"AAA",19250,"grün",4487.16
"uid000544",18,"Seilerin",1060,"A",31200,"grau",2024.79
"uid000545",23,"Wägerin",1180,"B",19650,"grün",449.03
"uid000546",34,"Önologin",1060,"A",19470,"braun",541.63
"uid000547",30,"Wiegerin",1030,"AAA",19250,"grau",2315.79
"uid000548",43,"Hafnerin",1230,"BB",12000,"grün",2302.85
"uid000549",19,"Leiterin",1190,"AA",31200,"blau",3463.11
"uid000550",49,"Pecherin",1170,"B",19470,"grau",2433.61
"uid000551",64,"Kitterin",1220,"BB",12000,"blau",589.39
"uid000552",53,"Piccola",1140,"AA",19470,"grau",2156.77
"uid000553",61,"Pilotin",1130,"AA",19650,"grau",1834.59
"uid000554",22,"Bardame",1060,"C",12000,"grün",1277.55
"uid000555",40,"Kitterin",1080,"D",19470,"grün",3195.45
"uid000556",55,"Wagnerin",1100,"BBB",19650,"braun",2731.83
"uid000557",68,"Melkerin",1010,"AA",14000,"braun",875.7
"uid000558",37,"Heizerin",1130,"A",20241,"blau",3207.67
"uid000559",45,"Heizerin",1130,"C",19360,"braun",2437.79
"uid000560",45,"Glüherin",1090,"BB",31200,"grün",922.58
"uid000561",29,"Frisörin",1180,"D",20241,"blau",2696.55
"uid000562",52,"Hirtin",1080,"D",19470,"grün",468.15
"uid000563",21,"Pediküre",1100,"BBB",19620,"blau",2167.55
"uid000564",64,"Laderin",1150,"AA",19250,"braun",1727.08
"uid000565",63,"Töpferin",1090,"D",19250,"braun",2682.54
"uid000566",43,"Trapper",1010,"D",19970,"grau",1129.07
"uid000567",30,"Oblatin",1010,"C",19650,"blau",2997.04
"uid000568",20,"Dekanin",1140,"B",31200,"grün",3129.17
"uid000569",63,"Frisörin",1110,"A",20241,"grau",5381.91
"uid000570",32,"Prälat",1140,"D",12000,"blau",2713.62
"uid000571",51,"Dienerin",1150,"D",19650,"grau",3471.85
"uid000572",55,"Glaserin",1140,"BBB",19650,"blau",4275.42
"uid000573",68,"Boxerin",1170,"AA",12000,"grau",1019.19
"uid000574",65,"Dozentin",1020,"A",14000,"grün",761.41
"uid000575",69,"Kitterin",1160,"B",20111,"blau",2527.06
"uid000576",21,"Jodlerin",1080,"B",19970,"braun",2757.82
"uid000577",43,"Walzerin",1130,"D",14000,"braun",2253.63
"uid000578",38,"Winzerin",1160,"AA",20111,"grün",4246.09
"uid000579",38,"Jockey",1110,"B",31200,"blau",543.24
"uid000580",46,"Cutterin",1180,"AAA",20241,"braun",5643.7
"uid000581",33,"Piccola",1230,"A",19250,"blau",3078.67
"uid000582",54,"Seilerin",1060,"BBB",19620,"blau",1401.94
"uid000583",41,"Mineurin",1210,"BBB",31200,"grau",961.52
"uid000584",38,"Zoologin",1130,"BBB",14000,"blau",117.25
"uid000585",20,"Geologin",1110,"A",31200,"braun",2854.11
"uid000586",43,"Hämmerin",1210,"B",19360,"blau",137.04
"uid000587",40,"Küferin",1220,"A",31200,"blau",1399.56
"uid000588",53,"Zauberin",1180,"BBB",19360,"grün",818.93
"uid000589",66,"Liftgirl",1050,"AA",19970,"blau",402.03
"uid000590",39,"Barista",1230,"AA",19360,"braun",829.71
"uid000591",64,"Hegerin",1060,"D",20111,"grau",313.07
"uid000592",20,"Notarin",1160,"D",19470,"braun",2057.36
"uid000593",65,"Wiegerin",1130,"BB",20241,"blau",757.09
"uid000594",65,"Wiegerin",1050,"BB",31200,"braun",1012.45
"uid000595",21,"Glüherin",1160,"A",19970,"grün",595.45
"uid000596",53,"Bergfrau",1110,"A",19650,"grau",1701.79
"uid000597",69,"Hirtin",1060,"C",14000,"grau",1563.26
"uid000598",54,"Bäckerin",1060,"A",20241,"blau",2412.82
"uid000599",18,"Dozentin",1140,"C",14000,"braun",224.45
"uid000600",64,"Maurerin",1070,"BBB",19360,"blau",1226.91
"uid000601",54,"Prior",1070,"BB",19470,"blau",628.99
"uid000602",39,"Temperin",1210,"A",19470,"grau",712.2
"uid000603",38,"Sennerin",1180,"B",19620,"grau",1736.4
"uid000604",44,"Frisörin",1180,"D",14000,"grau",2050.16
"uid000605",28,"Köchin",1210,"B",20111,"grau",3046.06
"uid000606",61,"Jodlerin",1030,"AA",14000,"grün",4572.59
"uid000607",69,"Hafnerin",1120,"A",19250,"grün",3161.63
"uid000608",28,"Athletin",1180,"AAA",19360,"grün",1211.71
"uid000609",23,"Ringerin",1150,"A",12000,"braun",3899.26
"uid000610",65,"Küsterin",1120,"BB",19470,"grün",2392.55
"uid000611",53,"Anatomin",1170,"D",12000,"grau",1991.92
"uid000612",23,"Notarin",1210,"C",19650,"braun",3820.44
"uid000613",37,"Bankier",1050,"B",14000,"grau",388.08
"uid000614",57,"Rauherin",1230,"B",19250,"braun",1458.96
"uid000615",50,"Laderin",1040,"AA",19360,"grün",2469.92
"uid000616",57,"Hefterin",1220,"BB",19470,"grau",1602.01
"uid000617",28,"Walzerin",1140,"BBB",19360,"grün",516.79
"uid000618",28,"Imkerin",1190,"C",19970,"braun",2157.52
"uid000619",38,"Cutterin",1140,"D",14000,"blau",1335.8
"uid000620",38,"Aktuarin",1120,"A",19250,"braun",1237.3
"uid000621",34,"Heizerin",1220,"B",19650,"braun",303.14
"uid000622",26,"Fakirin",1120,"A",19650,"grün",879.53
"uid000623",35,"Mälzerin",1020,"BBB",20241,"blau",628.86
"uid000624",68,"Mesnerin",1150,"C",14000,"grün",158.96
"uid000625",48,"Wirtin",1130,"A",19250,"grün",2453.62
"uid000626",61,"Dienerin",1160,"B",31200,"grau",2784.84
"uid000627",25,"Oboistin",1190,"C",20241,"braun",1818.25
"uid000628",40,"Piccola",1190,"B",19620,"blau",2766.17
"uid000629",23,"Seemann",1170,"C",12000,"braun",2736.12
"uid000630",28,"Bäumerin",1200,"D",20111,"grün",2025.99
"uid000631",68,"Malerin",1090,"B",14000,"grün",3051.84
"uid000632",54,"Fährfrau",1010,"AA",14000,"grün",752.52
"uid000633",42,"Mäherin",1040,"B",20111,"blau",2012.24
"uid000634",19,"Müllfrau",1070,"C",20111,"blau",1827.53
"uid000635",56,"Sängerin",1130,"AA",19360,"blau",2978.94
"uid000636",49,"Winzerin",1060,"A",20111,"grau",1018.71
"uid000637",59,"Matrosin",1040,"AAA",19650,"braun",540.41
"uid000638",57,"Oblatin",1210,"AAA",14000,"braun",5402.03
"uid000639",39,"Trader",1130,"C",12000,"grau",1077.27
"uid000640",52,"Tönerin",1230,"C",20111,"grün",2558.23
"uid000641",28,"Zoologin",1080,"AA",19250,"blau",5460.43
"uid000642",30,"Priester",1040,"A",20241,"braun",3906.12
"uid000643",68,"Mesnerin",1130,"C",20241,"grün",3375.14
"uid000644",19,"Hefterin",1030,"A",31200,"braun",1017.44
"uid000645",57,"Hirtin",1080,"B",19620,"braun",752.14
"uid000646",23,"Anwältin",1130,"B",19470,"braun",1126.9
"uid000647",32,"Äbtissin",1120,"AA",14000,"braun",1899.89
"uid000648",58,"Hafnerin",1020,"D",19360,"grün",993.67
"uid000649",45,"Trapper",1230,"AAA",19620,"braun",1812.99
"uid000650",18,"Zofe",1110,"A",14000,"braun",3117.22
"uid000651",19,"Malerin",1180,"AA",20241,"blau",1537.77
"uid000652",26,"Barista",1090,"D",19470,"grün",2278.38
"uid000653",66,"Wiegerin",1050,"A",14000,"grau",494.22
"uid000654",22,"Nieterin",1010,"D",19250,"braun",1703.36
"uid000655",44,"Wagnerin",1160,"AAA",14000,"grün",2008.7
"uid000656",59,"Zofe",1010,"BBB",14000,"braun",4406.77
"uid000657",46,"Temperin",1040,"AAA",14000,"blau",3703.09
"uid000658",19,"Kaplan",1130,"BBB",31200,"blau",3789.55
"uid000659",54,"Ölerin",1180,"A",14000,"blau",2039.86
"uid000660",48,"Brauerin",1140,"BBB",20111,"blau",2762.06
"uid000661",70,"Matrosin",1130,"C",20111,"grün",3233.68
"uid000662",31,"Bäumerin",1090,"D",19470,"braun",2510.93
"uid000663",42,"Jockey",1220,"C",14000,"grün",493.37
"uid000664",38,"Malerin",1090,"AA",19250,"braun",6446.04
"uid000665",40,"Zoologin",1140,"D",19650,"blau",4446.11
"uid000666",23,"Altistin",1220,"BB",19360,"grün",2242.88
"uid000667",65,"Tönerin",1140,"D",12000,"grau",2162.65
"uid000668",38,"Diakonin",1130,"A",12000,"grau",2066.17
"uid000669",22,"Piccola",1190,"C",19620,"braun",2288.46
"uid000670",42,"Gerberin",1140,"C",20111,"grün",2177.85
"uid000671",34,"Fasserin",1220,"D",19650,"braun",3992.71
"uid000672",50,"Bäckerin",1010,"BB",19470,"braun",944.59
"uid000673",57,"Barista",1190,"A",19650,"blau",2734.62
"uid000674",36,"Hirtin",1130,"D",19620,"grün",842.14
"uid000675",34,"Löterin",1220,"A",20241,"blau",2978.04
"uid000676",37,"Rauherin",1210,"D",19470,"grün",431.19
"uid000677",70,"Modistin",1070,"BB",19250,"grau",694.01
"uid000678",40,"Hegerin",1200,"AAA",19620,"braun",2582.01
"uid000679",37,"Altistin",1170,"AAA",12000,"grün",2719.93
"uid000680",65,"Ölerin",1120,"C",19250,"braun",1614.22
"uid000681",66,"Vikarin",1210,"BB",14000,"grün",3415.16
"uid000682",48,"Küsterin",1050,"C",12000,"grau",4409.09
"uid000683",22,"Hauerin",1070,"B",14000,"braun",1190.16
"uid000684",44,"Mäherin",1050,"A",14000,"braun",3960.66
"uid000685",50,"Seemann",1030,"BBB",19970,"braun",692.64
"uid000686",18,"Autorin",1060,"BBB",19970,"blau",1190.85
"uid000687",46,"Prägerin",1220,"C",19970,"braun",1001.43
"uid000688",51,"Eicherin",1150,"AAA",19470,"grün",641.54
"uid000689",53,"Clown",1080,"AAA",19250,"grau",1253.26
"uid000690",37,"Trader",1160,"D",14000,"grün",5209
"uid000691",38,"Ölerin",1190,"D",14000,"blau",1337.28
"uid000692",55,"Kämmerin",1230,"B",14000,"braun",325.97
"uid000693",69,"Fädlerin",1080,"BBB",31200,"grau",1375.98
"uid000694",41,"Ökonomin",1210,"AA",19470,"grün",724.23
"uid000695",51,"Athletin",1020,"A",19620,"braun",4826.27
"uid000696",64,"Fährfrau",1130,"AA",20241,"blau",1765.69
"uid000697",37,"Bardame",1230,"A",14000,"braun",528.79
"uid000698",67,"Pastorin",1230,"AA",19970,"grün",2185.45
"uid000699",20,"Leiterin",1030,"AAA",19970,"braun",3091.26
"uid000700",37,"Hebamme",1080,"C",19360,"grau",2532.12
"uid000701",51,"Mälzerin",1190,"C",12000,"braun",2564.68
"uid000702",32,"Sängerin",1120,"D",14000,"grün",5003.15
"uid000703",47,"Piqueuse",1060,"AAA",12000,"blau",1307.25
"uid000704",59,"Winzerin",1140,"C",19360,"grau",1833.24
"uid000705",30,"Bergfrau",1020,"BB",19470,"braun",2593.46
"uid000706",33,"Kitterin",1070,"AAA",14000,"grau",3641.24
"uid000707",60,"Sauciere",1070,"A",19360,"blau",936.3
"uid000708",53,"Rauherin",1160,"AA",20241,"braun",813.03
"uid000709",65,"Pilotin",1140,"BBB",19250,"grau",2493.93
"uid000710",47,"Ringerin",1070,"A",19470,"braun",2521.23
"uid000711",64,"Piqueuse",1220,"AA",19970,"braun",2762.58
"uid000712",46,"Geologin",1070,"BB",19970,"blau",972.44
"uid000713",45,"Tänzerin",1220,"BBB",19470,"grau",2012.3
"uid000714",30,"Härterin",1210,"AA",20241,"grün",330.01
"uid000715",68,"Pilotin",1170,"AAA",19650,"braun",1609.2
"uid000716",65,"Rauherin",1230,"BB",31200,"grün",2257.26
"uid000717",24,"Hämmerin",1040,"AAA",19620,"grau",2054.14
"uid000718",35,"Leiterin",1160,"BB",19620,"braun",1891.54
"uid000719",18,"Anatomin",1180,"B",19470,"braun",1460.69
"uid000720",21,"Fakirin",1110,"AAA",19650,"grau",2971.31
"uid000721",22,"Biologin",1060,"D",19970,"blau",2629.02
"uid000722",63,"Temperin",1060,"D",19970,"braun",1662.86
"uid000723",53,"Köchin",1140,"B",19650,"grau",4835.04
"uid000724",51,"Eicherin",1040,"D",19250,"blau",2184.72
"uid000725",43,"Piccola",1180,"D",19360,"grau",1726.64
"uid000726",50,"Bäumerin",1050,"C",19250,"grau",786.52
"uid000727",36,"Hauerin",1180,"D",14000,"grün",4648.96
"uid000728",34,"Piccola",1120,"BBB",19250,"blau",2192.73
"uid000729",68,"Gerberin",1180,"BB",19650,"grün",3348.96
"uid000730",30,"Kitterin",1120,"C",14000,"blau",1260.97
"uid000731",67,"Wägerin",1030,"B",20241,"blau",444.36
"uid000732",56,"Pediküre",1110,"AA",20111,"blau",3036.39
"uid000733",53,"Laderin",1150,"B",14000,"blau",1929.57
"uid000734",24,"Seemann",1020,"B",19470,"grün",1169.7
"uid000735",39,"Löterin",1100,"B",12000,"braun",1461.66
"uid000736",26,"Diakonin",1030,"A",12000,"braun",3140.93
"uid000737",49,"Wiegerin",1040,"C",19650,"grau",1813.83
"uid000738",57,"Maniküre",1200,"A",14000,"grün",2101.13
"uid000739",69,"Hausdame",1170,"AAA",19360,"grün",3147.18
"uid000740",50,"Ökonomin",1100,"B",31200,"braun",3499.75
"uid000741",66,"Köhlerin",1020,"B",19970,"grün",1986.2
"uid000742",45,"Prälat",1050,"C",31200,"grau",1466.63
"uid000743",29,"Fädlerin",1140,"AA",19250,"grau",1915.04
"uid000744",47,"Köhlerin",1070,"AA",14000,"grün",775.51
"uid000745",52,"Hebamme",1180,"AAA",19250,"braun",2530.57
"uid000746",67,"Müllfrau",1040,"AA",12000,"grün",3936.1
"uid000747",43,"Athletin",1130,"A",19650,"braun",876.31
"uid000748",20,"Hefterin",1230,"AAA",19970,"blau",1436.75
"uid000749",32,"Härterin",1060,"AA",31200,"grau",3364.63
"uid000750",56,"Rauherin",1060,"AAA",19970,"braun",439.8
"uid000751",40,"Tenor",1150,"BB",19620,"grau",3501.72
"uid000752",42,"Prägerin",1180,"BB",19650,"braun",1783.45
"uid000753",18,"Glaserin",1140,"A",19620,"braun",4139.45
"uid000754",45,"Bergfrau",1060,"C",19360,"grau",2347.95
"uid000755",69,"Dressman",1220,"AAA",19470,"blau",528.17
"uid000756",26,"Prälat",1190,"BBB",20241,"grün",318.6
"uid000757",31,"Magierin",1130,"AA",20111,"grün",6336.8
"uid000758",69,"Äbtissin",1060,"BBB",19970,"grün",2571.03
"uid000759",48,"Hirtin",1230,"AAA",19360,"grau",3556.33
"uid000760",33,"Altistin",1040,"B",31200,"braun",2539.49
"uid000761",38,"Hauerin",1220,"A",12000,"blau",1677.46
"uid000762",61,"Notarin",1220,"BBB",19970,"blau",2933.68
"uid000763",29,"Propst",1180,"AAA",20111,"blau",113.26
"uid000764",47,"Kustodin",1120,"BBB",19650,"blau",1236.92
"uid000765",39,"Legistin",1070,"D",19650,"braun",1296.25
"uid000766",46,"Athletin",1180,"BB",20241,"braun",4698
"uid000767",65,"Propst",1190,"B",19650,"blau",146.86
"uid000768",18,"Pilotin",1080,"A",20111,"grün",707.2
"uid000769",29,"Boxerin",1200,"A",20111,"blau",1268.69
"uid000770",45,"Priester",1160,"B",20241,"braun",3385.72
"uid000771",29,"Maurerin",1070,"A",14000,"blau",3147.95
"uid000772",42,"Maniküre",1040,"BBB",19970,"blau",1255.9
"uid000773",67,"Kustodin",1020,"C",14000,"blau",1724.77
"uid000774",42,"Äbtissin",1220,"B",14000,"blau",2091.5
"uid000775",25,"Kuglerin",1060,"BB",14000,"grün",2884.44
"uid000776",48,"Temperin",1220,"A",20241,"grau",4831.3
"uid000777",22,"Kaplan",1210,"D",19250,"braun",2106.9
"uid000778",29,"Flyer",1220,"BB",14000,"blau",3614.13
"uid000779",47,"Zimmerin",1060,"A",20241,"grün",2953.13
"uid000780",26,"Winderin",1070,"BB",31200,"grau",1397.94
"uid000781",19,"Pilotin",1050,"AAA",19650,"grau",579.72
"uid000782",26,"Biologin",1010,"AAA",19970,"blau",181.37
"uid000783",58,"Kitterin",1100,"C",14000,"grau",2841.37
"uid000784",58,"Eicherin",1170,"BBB",14000,"grau",1236.66
"uid000785",60,"Biologin",1030,"BB",14000,"grau",194.55
"uid000786",39,"Geigerin",1080,"AA",14000,"braun",4214.03
"uid000787",44,"Temperin",1110,"B",19470,"grün",1064.09
"uid000788",59,"Vikarin",1140,"AAA",31200,"grau",282.47
"uid000789",55,"Boxerin",1170,"B",12000,"grün",3148.38
"uid000790",40,"Trader",1050,"D",19650,"grau",1078.86
"uid000791",51,"Hauerin",1230,"BBB",19470,"braun",5134.17
"uid000792",20,"Mäherin",1200,"C",12000,"braun",681.32
"uid000793",18,"Clown",1220,"A",19970,"grün",3096.43
"uid000794",19,"Glaserin",1230,"A",19620,"braun",345.91
"uid000795",36,"Härterin",1110,"B",19360,"grün",2309.34
"uid000796",46,"Geigerin",1090,"BB",19650,"blau",662.39
"uid000797",22,"Athletin",1010,"BBB",19250,"grün",3082.31
"uid000798",51,"Flyer",1220,"BB",19250,"grün",3891.47
"uid000799",58,"Wiegerin",1140,"BBB",14000,"braun",1519.67
"uid000800",29,"Imkerin",1220,"B",20111,"blau",1688.42
"uid000801",58,"Rauherin",1050,"A",12000,"blau",4841.02
"uid000802",35,"Modistin",1060,"BB",12000,"grau",2379.94
"uid000803",51,"Magierin",1060,"A",14000,"braun",1148.78
"uid000804",64,"Wirtin",1070,"A",20111,"grau",1305.92
"uid000805",30,"Fasserin",1070,"C",19650,"braun",2116.25
"uid000806",56,"Aktuarin",1180,"AAA",19250,"grün",323.86
"uid000807",21,"Propst",1120,"AA",12000,"blau",658.72
"uid000808",23,"Nanny",1070,"D",14000,"braun",2584.88
"uid000809",67,"Piqueuse",1010,"BBB",20111,"blau",2086.13
"uid000810",65,"Bäumerin",1010,"B",19970,"blau",1319.51
"uid000811",40,"Mineurin",1080,"B",12000,"braun",3466.32
"uid000812",62,"Fasserin",1190,"AAA",31200,"grau",6219.08
"uid000813",42,"Kämmerin",1170,"C",14000,"grün",2259.04
"uid000814",33,"Wagnerin",1190,"D",20241,"blau",392.9
"uid000815",39,"Frisörin",1010,"AA",14000,"grün",1400.48
"uid000816",43,"Dressman",1120,"BBB",19970,"grün",3062.34
"uid000817",57,"Bankier",1040,"C",19250,"blau",179.82
"uid000818",65,"Bariton",1100,"BBB",14000,"braun",2866.77
"uid000819",31,"Mönch",1120,"B",19250,"braun",2186.03
"uid000820",70,"Hegerin",1230,"AA",14000,"blau",1014.96
"uid000821",23,"Töpferin",1080,"A",19970,"grau",4086.06
"uid000822",25,"Ringerin",1150,"C",12000,"braun",1346.76
"uid000823",38,"Mesnerin",1140,"D",19650,"braun",1444.55
"uid000824",41,"Mäherin",1150,"AAA",19970,"blau",932.73
"uid000825",20,"Modistin",1040,"D",19470,"braun",386.32
"uid000826",57,"Nopperin",1010,"D",14000,"grün",909.05
"uid000827",54,"Hegerin",1160,"D",20241,"grün",434.82
"uid000828",31,"Pecherin",1160,"D",20111,"grau",3707.53
"uid000829",44,"Maniküre",1190,"D",19970,"grün",3366.79
"uid000830",30,"Kustodin",1060,"A",31200,"grün",3344.19
"uid000831",36,"Pecherin",1110,"AAA",12000,"grau",5161.28
"uid000832",20,"Dienerin",1010,"AAA",20241,"grau",2210.3
"uid000833",46,"Müllfrau",1210,"AAA",19970,"grau",4198.27
"uid000834",22,"Küsterin",1060,"BB",19250,"grau",3114.87
"uid000835",62,"Bardame",1220,"C",19470,"blau",876.44
"uid000836",68,"Heizerin",1070,"C",19620,"braun",2454.13
"uid000837",42,"Käserin",1190,"AAA",20241,"braun",1728.7
"uid000838",48,"Gipserin",1220,"AA",19650,"grün",2427.5
"uid000839",31,"Brauerin",1140,"BBB",19970,"grau",2428.28
"uid000840",53,"Propst",1050,"C",12000,"grün",1537.09
"uid000841",37,"Wagnerin",1230,"BB",31200,"grün",1041.15
"uid000842",48,"Walzerin",1010,"B",20241,"grün",3599.59
"uid000843",30,"Geologin",1130,"BB",19360,"blau",763.83
"uid000844",20,"Clown",1120,"B",19470,"grün",487.07
"uid000845",57,"Autorin",1090,"C",19360,"blau",1049.65
"uid000846",41,"Kämmerin",1150,"BBB",19360,"grün",213.89
"uid000847",46,"Gipserin",1200,"BB",20241,"grün",760.82
"uid000848",27,"Fasserin",1060,"AA",31200,"blau",3519.43
"uid000849",30,"Müllerin",1110,"C",20241,"grün",2113.58
"uid000850",59,"Diakonin",1190,"BBB",14000,"blau",3525.04
"uid000851",23,"Anatomin",1190,"AA",31200,"blau",839.99
"uid000852",27,"Hegerin",1110,"AAA",19650,"braun",183.07
"uid000853",56,"Matrosin",1170,"D",19650,"grau",3695.98
"uid000854",67,"Altistin",1150,"C",12000,"grau",689.85
"uid000855",36,"Köchin",1140,"AA",19250,"grau",1940.28
"uid000856",35,"Clown",1090,"B",14000,"grün",2418.19
"uid000857",38,"Piqueuse",1010,"BBB",31200,"grün",3114.79
"uid000858",63,"Heizerin",1130,"BB",14000,"grün",2577.89
"uid000859",40,"Glaserin",1110,"D",31200,"grau",5517.06
"uid000860",43,"Altistin",1120,"AAA",20111,"blau",3406.53
"uid000861",32,"Häklerin",1060,"BB",12000,"grün",3808.73
"uid000862",46,"Artistin",1010,"B",19650,"grün",360.32
"uid000863",64,"Athletin",1110,"BB",19620,"blau",2632.17
"uid000864",59,"Trapper",1200,"D",12000,"grün",5121.69
"uid000865",46,"Tönerin",1060,"C",19970,"braun",1523.32
"uid000866",22,"Pastorin",1120,"C",19360,"grün",3767.98
"uid000867",39,"Anatomin",1230,"AA",19650,"blau",2455.99
"uid000868",18,"Wirtin",1150,"AA",14000,"braun",3535.94
"uid000869",66,"Äbtissin",1230,"BB",20111,"grau",2459.12
"uid000870",39,"Flyer",1190,"C",20241,"grün",4266.92
"uid000871",30,"Seemann",1130,"AA",12000,"grau",3855.78
"uid000872",39,"Prälat",1190,"A",31200,"blau",1330.43
"uid000873",23,"Frisörin",1040,"A",19970,"grau",1106.7
"uid000874",61,"Wägerin",1180,"C",19470,"grün",3593.52
"uid000875",58,"Setzerin",1120,"A",19360,"grau",3416.69
"uid000876",50,"Trader",1080,"D",14000,"grau",4046.38
"uid000877",41,"Fasserin",1220,"AAA",19250,"grün",1573.92
"uid000878",39,"Kaplan",1020,"BBB",12000,"braun",515.41
"uid000879",50,"Mineurin",1220,"D",19970,"grün",3776.34
"uid000880",27,"Pilotin",1210,"AAA",20111,"blau",1627.4
"uid000881",62,"Boxerin",1170,"AA",19620,"blau",6465.76
"uid000882",36,"Fiakerin",1070,"BB",19360,"grün",1796.94
"uid000883",25,"Hausdame",1200,"AA",14000,"grün",2834.93
"uid000884",29,"Diakonin",1130,"D",19470,"blau",902.36
"uid000885",28,"Töpferin",1010,"A",20111,"blau",580.94
"uid000886",33,"Rauherin",1070,"BBB",14000,"blau",716.55
"uid000887",60,"Primaria",1150,"AAA",20241,"braun",1476.03
"uid000888",38,"Sennerin",1200,"AAA",19970,"grau",2234.06
"uid000889",23,"Käserin",1050,"BB",14000,"braun",2279.62
"uid000890",41,"Fakirin",1040,"A",14000,"braun",318.26
"uid000891",43,"Piqueuse",1080,"AA",14000,"braun",3608.8
"uid000892",25,"Novizin",1010,"BBB",31200,"braun",3060.32
"uid000893",38,"Zauberin",1080,"AAA",19650,"braun",2961.69
"uid000894",24,"Fasserin",1200,"AAA",19650,"grau",2734.96
"uid000895",52,"Käserin",1130,"AA",19620,"braun",891.78
"uid000896",59,"Piqueuse",1220,"C",19250,"grün",1219.28
"uid000897",50,"Dozentin",1150,"AAA",19250,"grün",1755.37
"uid000898",47,"Barista",1020,"AA",14000,"blau",1097.73
"uid000899",22,"Athletin",1070,"AA",19470,"grün",2722.75
"uid000900",22,"Dressman",1080,"AAA",19470,"grau",2007.74
"uid000901",21,"Ringerin",1020,"AA",19970,"grau",2648.92
"uid000902",28,"Pecherin",1050,"BB",12000,"blau",1133.72
"uid000903",58,"Küferin",1080,"D",19470,"grau",2684.07
"uid000904",19,"Urologin",1170,"A",20241,"braun",6239.03
"uid000905",28,"Vikarin",1220,"AA",14000,"braun",3348.88
"uid000906",27,"Härterin",1130,"AAA",20111,"braun",532.97
"uid000907",51,"Mesnerin",1210,"AAA",19250,"braun",113.32
"uid000908",19,"Müllerin",1150,"AA",31200,"blau",2579.23
"uid000909",29,"Wägerin",1100,"AAA",19970,"grau",1175.14
"uid000910",23,"Pecherin",1050,"BB",14000,"blau",1797.21
"uid000911",63,"Jodlerin",1070,"BB",19360,"grau",4273.17
"uid000912",26,"Dressman",1050,"BB",19970,"blau",1646.62
"uid000913",56,"Töpferin",1150,"BB",19650,"grau",1505.52
"uid000914",36,"Häklerin",1210,"BB",19970,"braun",6048.75
"uid000915",22,"Hauerin",1210,"BBB",19970,"grau",3885.2
"uid000916",34,"Piqueuse",1020,"BB",20111,"grau",170.24
"uid000917",26,"Pauserin",1200,"AA",19360,"grau",4398.14
"uid000918",61,"Hämmerin",1060,"C",31200,"grau",2993.86
"uid000919",42,"Sennerin",1140,"BBB",14000,"braun",1392.45
"uid000920",30,"Wägerin",1040,"D",31200,"grau",1645.69
"uid000921",29,"Käserin",1080,"BB",19970,"grün",300.38
"uid000922",52,"Müllerin",1210,"C",19470,"grün",810.45
"uid000923",25,"Kitterin",1160,"A",12000,"grau",4399.8
"uid000924",19,"Wägerin",1060,"AA",20111,"grün",510.51
"uid000925",26,"Fährfrau",1080,"AA",20241,"braun",1133.06
"uid000926",48,"Hegerin",1040,"C",14000,"blau",3471.1
"uid000927",65,"Notarin",1180,"B",20241,"blau",471.13
"uid000928",24,"Ölerin",1200,"D",19250,"grau",3546.17
"uid000929",22,"Urologin",1050,"A",14000,"grün",129.04
"uid000930",24,"Trader",1080,"A",20241,"grün",2447.26
"uid000931",56,"Löterin",1180,"BBB",19650,"grau",1774.25
"uid000932",61,"Hausdame",1140,"AA",19470,"blau",2552
"uid000933",61,"Ringerin",1060,"C",31200,"grün",448.68
"uid000934",48,"Löterin",1210,"C",14000,"grün",1382.31
"uid000935",19,"Rauherin",1130,"B",19360,"grün",1156.64
"uid000936",37,"Butlerin",1100,"AA",14000,"grau",2311.76
"uid000937",69,"Bariton",1170,"AAA",31200,"braun",740.06
"uid000938",68,"Piccola",1220,"B",31200,"grau",2843.31
"uid000939",58,"Mälzerin",1070,"BBB",20241,"braun",3638.93
"uid000940",69,"Ruderin",1230,"D",12000,"blau",167.55
"uid000941",25,"Urologin",1080,"B",20241,"braun",2554.83
"uid000942",42,"Prior",1140,"AAA",19360,"braun",2184.52
"uid000943",52,"Hauerin",1100,"AAA",12000,"grau",4844.5
"uid000944",38,"Notarin",1110,"AA",31200,"grün",994.95
"uid000945",49,"Kitterin",1190,"C",19470,"grau",861.88
"uid000946",70,"Butterin",1140,"B",19970,"grün",4775.04
"uid000947",30,"Tenor",1010,"AAA",19470,"blau",990.51
"uid000948",33,"Melkerin",1190,"BB",20111,"grau",2644.23
"uid000949",24,"Nanny",1080,"BBB",19650,"braun",1451.72
"uid000950",42,"Zimmerin",1140,"A",19620,"grün",1650.38
"uid000951",59,"Fährfrau",1070,"C",19970,"grau",1494.76
"uid000952",36,"Nieterin",1090,"C",19650,"braun",5196.13
"uid000953",52,"Barista",1170,"BB",20241,"grau",1248.94
"uid000954",42,"Prägerin",1200,"C",19360,"grün",1391.03
"uid000955",30,"Laderin",1060,"BB",31200,"grün",593.27
"uid000956",65,"Pediküre",1130,"AA",19650,"grün",1402.25
"uid000957",68,"Sennerin",1130,"A",14000,"braun",654.05
"uid000958",63,"Küsterin",1040,"A",19250,"braun",1115.23
"uid000959",68,"Maurerin",1090,"C",12000,"grau",1719.05
"uid000960",27,"Hefterin",1010,"C",12000,"braun",4619.8
"uid000961",51,"Geologin",1170,"D",19650,"grün",2340.58
"uid000962",33,"Eicherin",1160,"A",19650,"grau",1938.72
"uid000963",28,"Fakirin",1180,"AAA",19360,"grau",229.18
"uid000964",68,"Hafnerin",1210,"D",19620,"blau",2013.48
"uid000965",41,"Piccola",1140,"BBB",19250,"grau",4726.94
"uid000966",20,"Äbtissin",1100,"D",19250,"braun",826.33
"uid000967",24,"Maniküre",1080,"B",20111,"grün",494.39
"uid000968",47,"Bankier",1180,"D",19970,"grau",2354.71
"uid000969",39,"Seilerin",1140,"BBB",12000,"grau",2029.95
"uid000970",49,"Köchin",1080,"AA",14000,"grün",560.65
"uid000971",40,"Zoologin",1180,"C",19360,"blau",314.71
"uid000972",41,"Eicherin",1090,"AA",19360,"grün",187.99
"uid000973",29,"Pediküre",1090,"B",19650,"grün",314.47
"uid000974",45,"Diakonin",1050,"B",19650,"blau",2408.97
"uid000975",25,"Leiterin",1020,"C",20241,"grün",3248.18
"uid000976",40,"Leihoma",1170,"AAA",20111,"grün",2117.9
"uid000977",30,"Müllfrau",1120,"AA",14000,"blau",1841.68
"uid000978",69,"Geologin",1030,"A",19470,"braun",1308.07
"uid000979",70,"Mesnerin",1090,"D",19620,"blau",1104.93
"uid000980",35,"Solistin",1060,"B",19360,"grau",3891.73
"uid000981",59,"Winderin",1050,"BB",12000,"braun",3956.97
"uid000982",19,"Temperin",1230,"A",19470,"grün",132.66
"uid000983",58,"Frisörin",1020,"B",19250,"grau",4105.89
"uid000984",68,"Kitterin",1130,"C",14000,"grün",2083.81
"uid000985",29,"Küsterin",1110,"BBB",14000,"grün",512.72
"uid000986",27,"Frisörin",1210,"C",14000,"grau",1693.05
"uid000987",61,"Notarin",1150,"D",19970,"blau",3686.55
"uid000988",40,"Oblatin",1130,"A",19650,"blau",1509.14
"uid000989",23,"Geologin",1120,"BB",19650,"grün",4860.62
"uid000990",25,"Cutterin",1080,"BBB",31200,"blau",2356.41
"uid000991",40,"Zauberin",1070,"BB",19650,"grün",1798.82
"uid000992",30,"Köhlerin",1090,"AAA",19360,"braun",361.02
"uid000993",47,"Wägerin",1120,"A",19470,"blau",994.32
"uid000994",60,"Pecherin",1070,"B",19970,"braun",2687.39
"uid000995",62,"Ringerin",1150,"D",12000,"braun",1848.38
"uid000996",51,"Töpferin",1230,"BB",14000,"grau",1150.64
"uid000997",25,"Ruderin",1150,"AA",19620,"braun",4281.6
"uid000998",29,"Oboistin",1150,"AAA",14000,"braun",1600.09
"uid000999",68,"Äbtissin",1110,"AAA",12000,"braun",971.8
"uid001000",39,"Mineurin",1200,"AAA",20111,"braun",2908.2
